"CodeObj","Vaddr","Instruction","Hitcount","Latency","Stall","Idle","Source"
26,6144,"; fused_moe_kernel_16x16x16_padding_68_lds_130_block_n_128_block_k_64_2_waves",0,0,0,0,""
26,6144,"s_load_dwordx2 s[2:3], s[0:1], 0x0",0,0,0,0,""
26,6152,"s_load_dwordx8 s[4:11], s[0:1], 0x8",0,0,0,0,""
26,6160,"s_load_dwordx2 s[12:13], s[0:1], 0x28",0,0,0,0,""
26,6168,"s_waitcnt lgkmcnt(0)",0,0,0,0,""
26,6172,"s_branch 56",0,0,0,0,""
26,6176,"s_nop 0",0,0,0,0,""
26,6180,"s_nop 0",0,0,0,0,""
26,6184,"s_nop 0",0,0,0,0,""
26,6188,"s_nop 0",0,0,0,0,""
26,6192,"s_nop 0",0,0,0,0,""
26,6196,"s_nop 0",0,0,0,0,""
26,6200,"s_nop 0",0,0,0,0,""
26,6204,"s_nop 0",0,0,0,0,""
26,6208,"s_nop 0",0,0,0,0,""
26,6212,"s_nop 0",0,0,0,0,""
26,6216,"s_nop 0",0,0,0,0,""
26,6220,"s_nop 0",0,0,0,0,""
26,6224,"s_nop 0",0,0,0,0,""
26,6228,"s_nop 0",0,0,0,0,""
26,6232,"s_nop 0",0,0,0,0,""
26,6236,"s_nop 0",0,0,0,0,""
26,6240,"s_nop 0",0,0,0,0,""
26,6244,"s_nop 0",0,0,0,0,""
26,6248,"s_nop 0",0,0,0,0,""
26,6252,"s_nop 0",0,0,0,0,""
26,6256,"s_nop 0",0,0,0,0,""
26,6260,"s_nop 0",0,0,0,0,""
26,6264,"s_nop 0",0,0,0,0,""
26,6268,"s_nop 0",0,0,0,0,""
26,6272,"s_nop 0",0,0,0,0,""
26,6276,"s_nop 0",0,0,0,0,""
26,6280,"s_nop 0",0,0,0,0,""
26,6284,"s_nop 0",0,0,0,0,""
26,6288,"s_nop 0",0,0,0,0,""
26,6292,"s_nop 0",0,0,0,0,""
26,6296,"s_nop 0",0,0,0,0,""
26,6300,"s_nop 0",0,0,0,0,""
26,6304,"s_nop 0",0,0,0,0,""
26,6308,"s_nop 0",0,0,0,0,""
26,6312,"s_nop 0",0,0,0,0,""
26,6316,"s_nop 0",0,0,0,0,""
26,6320,"s_nop 0",0,0,0,0,""
26,6324,"s_nop 0",0,0,0,0,""
26,6328,"s_nop 0",0,0,0,0,""
26,6332,"s_nop 0",0,0,0,0,""
26,6336,"s_nop 0",0,0,0,0,""
26,6340,"s_nop 0",0,0,0,0,""
26,6344,"s_nop 0",0,0,0,0,""
26,6348,"s_nop 0",0,0,0,0,""
26,6352,"s_nop 0",0,0,0,0,""
26,6356,"s_nop 0",0,0,0,0,""
26,6360,"s_nop 0",0,0,0,0,""
26,6364,"s_nop 0",0,0,0,0,""
26,6368,"s_nop 0",0,0,0,0,""
26,6372,"s_nop 0",0,0,0,0,""
26,6376,"s_nop 0",0,0,0,0,""
26,6380,"s_nop 0",0,0,0,0,""
26,6384,"s_nop 0",0,0,0,0,""
26,6388,"s_nop 0",0,0,0,0,""
26,6392,"s_nop 0",0,0,0,0,""
26,6396,"s_nop 0",0,0,0,0,""
26,6400,"s_lshr_b32 s0, s14, 8",1060,4256,16,44804,""
26,6404,"s_and_b32 s0, s0, 0xfffff8",1060,4252,12,0,""
26,6412,"s_sub_i32 s1, 0x109, s0",1060,4240,0,0,""
26,6420,"s_min_u32 s1, s1, 8",1060,4416,12,0,""
26,6424,"v_cvt_f32_ubyte0_e32 v1, s1",1060,9428,5016,0,""
26,6428,"v_rcp_iflag_f32_e32 v1, v1",1060,12168,4284,0,""
26,6432,"s_ashr_i32 s15, s14, 31",1060,4244,4,596,""
26,6436,"s_lshr_b32 s15, s15, 21",1060,4316,76,0,""
26,6440,"s_sub_i32 s16, 0, s1",1060,4324,76,0,""
26,6444,"v_mul_f32_e32 v1, 0x4f7ffffe, v1",1060,10476,6152,0,""
26,6452,"v_cvt_u32_f32_e32 v1, v1",1060,6616,2376,0,""
26,6456,"s_add_i32 s15, s14, s15",1060,4292,52,0,""
26,6460,"s_and_b32 s15, s15, 0xfffff800",1060,4240,0,0,""
26,6468,"s_sub_i32 s14, s14, s15",1060,4240,0,0,""
26,6472,"v_readfirstlane_b32 s17, v1",1060,7132,2856,0,""
26,6476,"s_mul_i32 s16, s16, s17",1060,4304,64,16924,""
26,6480,"s_mul_hi_u32 s16, s17, s16",1060,4248,8,0,""
26,6484,"s_add_i32 s17, s17, s16",1060,4256,16,0,""
26,6488,"s_mul_hi_u32 s16, s14, s17",1060,4252,12,0,""
26,6492,"s_mul_i32 s17, s16, s1",1060,4260,20,0,""
26,6496,"s_sub_i32 s17, s14, s17",1060,4256,16,0,""
26,6500,"s_add_i32 s18, s16, 1",1060,4248,8,0,""
26,6504,"s_sub_i32 s19, s17, s1",1060,4256,16,0,""
26,6508,"s_cmp_ge_u32 s17, s1",1060,4248,8,0,""
26,6512,"s_cselect_b32 s16, s18, s16",1060,4268,28,0,""
26,6516,"s_cselect_b32 s17, s19, s17",1060,4272,32,0,""
26,6520,"s_add_i32 s18, s16, 1",1060,4284,44,0,""
26,6524,"s_load_dword s11, s[10:11], 0x0",1060,4268,28,0,""
26,6532,"s_cmp_ge_u32 s17, s1",1060,4300,60,0,""
26,6536,"s_cselect_b32 s10, s18, s16",1060,4312,72,0,""
26,6540,"s_mul_i32 s1, s10, s1",1060,4288,48,0,""
26,6544,"s_sub_i32 s1, s14, s1",1060,4244,4,0,""
26,6548,"s_mov_b32 s15, 0",1060,4268,28,0,""
26,6552,"s_add_i32 s14, s1, s0",1060,4288,32,0,""
26,6556,"s_waitcnt lgkmcnt(0)",1060,19596,19596,0,""
26,6560,"s_ashr_i32 s0, s11, 31",1060,4296,56,0,""
26,6564,"v_mov_b32_e32 v2, s11",1060,5968,1724,0,""
26,6568,"v_mov_b32_e32 v3, s0",1060,5300,1060,0,""
26,6572,"s_lshl_b64 s[16:17], s[14:15], 7",1060,4284,44,0,""
26,6576,"v_cmp_ge_i64_e32 vcc, s[16:17], v[2:3]",1060,5064,816,0,""
26,6580,"s_cbranch_vccnz 1292",1060,4240,0,21192,""
26,6584,"s_lshl_b64 s[0:1], s[14:15], 2",1056,4272,48,0,""
26,6588,"s_add_u32 s0, s8, s0",1056,4264,36,0,""
26,6592,"s_addc_u32 s1, s9, s1",1056,4252,28,8408,""
26,6596,"s_lshl_b64 s[8:9], s[16:17], 2",1056,4240,16,0,""
26,6600,"v_lshrrev_b32_e32 v26, 1, v0",1056,5660,1436,0,""
26,6604,"s_add_u32 s6, s6, s8",1056,4256,32,0,""
26,6608,"s_addc_u32 s7, s7, s9",1056,4232,8,0,""
26,6612,"v_lshlrev_b32_e32 v1, 2, v26",1056,10268,6040,0,""
26,6616,"global_load_dword v2, v1, s[6:7]",1056,8072,3832,8444,""
26,6624,"s_load_dword s16, s[0:1], 0x0",1056,4564,40,0,""
26,6632,"v_lshlrev_b32_e32 v1, 5, v0",1056,14348,10116,0,""
26,6636,"s_mov_b64 s[8:9], 0x7fff",1056,4288,64,0,""
26,6644,"s_movk_i32 s14, 0x3000",1056,4420,84,0,""
26,6648,"v_and_b32_e32 v20, 32, v1",1056,10332,6092,0,""
26,6652,"v_mov_b32_e32 v19, 0",1056,8256,4032,0,""
26,6656,"s_mov_b64 s[18:19], 0x8000",1056,4264,36,0,""
26,6664,"v_accvgpr_write_b32 a43, 0",1056,5840,1616,0,""
26,6672,"v_accvgpr_write_b32 a42, 0",1056,5016,792,0,""
26,6680,"v_accvgpr_write_b32 a41, 0",1056,5128,896,0,""
26,6688,"v_accvgpr_write_b32 a40, 0",1056,4748,524,64,""
26,6696,"v_accvgpr_write_b32 a39, 0",1056,4512,284,0,""
26,6704,"v_accvgpr_write_b32 a38, 0",1056,4740,516,0,""
26,6712,"v_accvgpr_write_b32 a37, 0",1056,5344,1120,0,""
26,6720,"v_accvgpr_write_b32 a36, 0",1056,5072,848,108,""
26,6728,"v_accvgpr_write_b32 a3, 0",1056,5940,1712,0,""
26,6736,"v_accvgpr_write_b32 a2, 0",1056,5516,1292,0,""
26,6744,"v_accvgpr_write_b32 a1, 0",1056,5196,968,0,""
26,6752,"v_accvgpr_write_b32 a0, 0",1056,4808,584,48,""
26,6760,"v_accvgpr_write_b32 a11, 0",1056,4664,440,0,""
26,6768,"v_accvgpr_write_b32 a10, 0",1056,4344,116,0,""
26,6776,"v_accvgpr_write_b32 a9, 0",1056,4460,236,0,""
26,6784,"v_accvgpr_write_b32 a8, 0",1056,4552,328,100,""
26,6792,"v_accvgpr_write_b32 a31, 0",1056,4328,104,0,""
26,6800,"v_accvgpr_write_b32 a30, 0",1056,4472,248,0,""
26,6808,"v_accvgpr_write_b32 a29, 0",1056,4436,212,0,""
26,6816,"v_accvgpr_write_b32 a28, 0",1056,4384,160,100,""
26,6824,"v_accvgpr_write_b32 a35, 0",1056,4428,204,0,""
26,6832,"v_accvgpr_write_b32 a34, 0",1056,4484,252,0,""
26,6840,"v_accvgpr_write_b32 a33, 0",1056,4372,144,0,""
26,6848,"v_accvgpr_write_b32 a32, 0",1056,4472,248,72,""
26,6856,"v_accvgpr_write_b32 a27, 0",1056,4456,232,0,""
26,6864,"v_accvgpr_write_b32 a26, 0",1056,4376,152,0,""
26,6872,"v_accvgpr_write_b32 a25, 0",1056,4476,248,0,""
26,6880,"v_accvgpr_write_b32 a24, 0",1056,4464,240,112,""
26,6888,"v_accvgpr_write_b32 a47, 0",1056,4356,132,0,""
26,6896,"v_accvgpr_write_b32 a46, 0",1056,4420,196,0,""
26,6904,"v_accvgpr_write_b32 a45, 0",1056,4472,248,0,""
26,6912,"v_accvgpr_write_b32 a44, 0",1056,4408,184,84,""
26,6920,"v_accvgpr_write_b32 a19, 0",1056,4432,208,0,""
26,6928,"v_accvgpr_write_b32 a18, 0",1056,4412,188,0,""
26,6936,"v_accvgpr_write_b32 a17, 0",1056,4388,164,0,""
26,6944,"v_accvgpr_write_b32 a16, 0",1056,4448,224,88,""
26,6952,"v_accvgpr_write_b32 a23, 0",1056,4368,144,0,""
26,6960,"v_accvgpr_write_b32 a22, 0",1056,4372,144,0,""
26,6968,"v_accvgpr_write_b32 a21, 0",1056,4408,184,0,""
26,6976,"v_accvgpr_write_b32 a20, 0",1056,4452,228,96,""
26,6984,"v_accvgpr_write_b32 a55, 0",1056,4348,124,0,""
26,6992,"v_accvgpr_write_b32 a54, 0",1056,4420,196,0,""
26,7000,"v_accvgpr_write_b32 a53, 0",1056,4404,176,0,""
26,7008,"v_accvgpr_write_b32 a52, 0",1056,4396,172,52,""
26,7016,"v_accvgpr_write_b32 a59, 0",1056,4388,164,0,""
26,7024,"v_accvgpr_write_b32 a58, 0",1056,4396,172,0,""
26,7032,"v_accvgpr_write_b32 a57, 0",1056,4340,108,0,""
26,7040,"v_accvgpr_write_b32 a56, 0",1056,4444,220,68,""
26,7048,"v_accvgpr_write_b32 a15, 0",1056,4360,128,0,""
26,7056,"v_accvgpr_write_b32 a14, 0",1056,4364,140,0,""
26,7064,"v_accvgpr_write_b32 a13, 0",1056,4436,212,0,""
26,7072,"v_accvgpr_write_b32 a12, 0",1056,4392,168,92,""
26,7080,"v_accvgpr_write_b32 a7, 0",1056,4360,128,0,""
26,7088,"v_accvgpr_write_b32 a6, 0",1056,4456,228,0,""
26,7096,"v_accvgpr_write_b32 a5, 0",1056,4436,208,0,""
26,7104,"v_accvgpr_write_b32 a4, 0",1056,4452,224,76,""
26,7112,"v_accvgpr_write_b32 a63, 0",1056,4420,196,0,""
26,7120,"v_accvgpr_write_b32 a62, 0",1056,4400,168,0,""
26,7128,"v_accvgpr_write_b32 a61, 0",1056,4368,140,0,""
26,7136,"v_accvgpr_write_b32 a60, 0",1056,4488,264,64,""
26,7144,"v_accvgpr_write_b32 a51, 0",1056,4372,148,0,""
26,7152,"v_accvgpr_write_b32 a50, 0",1056,4416,188,0,""
26,7160,"v_accvgpr_write_b32 a49, 0",1056,4480,256,0,""
26,7168,"v_accvgpr_write_b32 a48, 0",1056,4388,164,124,""
26,7176,"v_mov_b32_e32 v21, v19",1056,4420,196,0,""
26,7180,"v_lshlrev_b32_e32 v18, 1, v20",1056,4492,268,0,""
26,7184,"v_mov_b32_e32 v4, 0",1056,4364,140,0,""
26,7188,"v_mov_b32_e32 v5, 0",1056,4436,200,0,""
26,7192,"v_mov_b32_e32 v6, 0",1056,4496,268,0,""
26,7196,"v_mov_b32_e32 v7, 0",1056,4412,184,0,""
26,7200,"v_mov_b32_e32 v8, 0",1056,4452,228,0,""
26,7204,"v_mov_b32_e32 v9, 0",1056,4436,204,0,""
26,7208,"s_waitcnt vmcnt(0)",1056,240520,240520,0,""
26,7212,"v_ashrrev_i32_e32 v3, 31, v2",1056,14504,10264,0,""
26,7216,"v_alignbit_b32 v1, v3, v2, 1",1056,9656,5432,0,""
26,7224,"v_cmp_lt_i64_e32 vcc, s[8:9], v[2:3]",1056,7448,3224,0,""
26,7228,"v_mad_u64_u32 v[24:25], s[8:9], v1, s14, 0",1056,6340,2116,0,""
26,7236,"v_cmp_gt_i64_e64 s[0:1], s[18:19], v[2:3]",1056,5808,1580,0,""
26,7244,"v_mad_i32_i24 v25, v3, s14, v25",1056,6500,2272,0,""
26,7252,"v_mov_b32_e32 v2, 0",1056,5772,1544,0,""
26,7256,"v_mov_b32_e32 v3, 0",1056,5388,1164,0,""
26,7260,"v_mov_b32_e32 v10, 0",1056,6152,1928,0,""
26,7264,"v_mov_b32_e32 v11, 0",1056,5368,1144,0,""
26,7268,"v_mov_b32_e32 v12, 0",1056,5464,1240,0,""
26,7272,"v_mov_b32_e32 v13, 0",1056,4700,464,0,""
26,7276,"v_mov_b32_e32 v14, 0",1056,4564,332,0,""
26,7280,"v_mov_b32_e32 v15, 0",1056,4548,320,0,""
26,7284,"v_mov_b32_e32 v16, 0",1056,4420,196,0,""
26,7288,"v_mov_b32_e32 v17, 0",1056,4504,280,0,""
26,7292,"s_and_saveexec_b64 s[8:9], s[0:1]",1056,4392,128,0,""
26,7296,"s_cbranch_execz 14",1056,4260,16,4184,""
26,7300,"v_lshl_add_u64 v[2:3], s[2:3], 0, v[24:25]",1032,4428,296,0,""
26,7308,"v_mov_b32_e32 v5, 0",1032,4416,288,0,""
26,7312,"v_mov_b32_e32 v4, v18",1032,4412,280,0,""
26,7316,"v_lshl_add_u64 v[22:23], v[2:3], 0, v[4:5]",1032,4524,360,0,""
26,7324,"global_load_dwordx4 v[2:5], v[22:23], off",1032,43320,38980,8220,""
26,7332,"global_load_dwordx4 v[6:9], v[22:23], off offset:16",1032,6488,2032,0,""
26,7340,"global_load_dwordx4 v[10:13], v[22:23], off offset:32",1032,11540,7056,0,""
26,7348,"global_load_dwordx4 v[14:17], v[22:23], off offset:48",1032,9948,5816,0,""
26,7356,"s_or_b64 exec, exec, s[8:9]",1056,4292,28,384,""
26,7360,"s_mov_b32 s11, s15",1056,4948,696,304,""
26,7364,"s_lshl_b64 s[0:1], s[10:11], 7",1056,5228,404,0,""
26,7368,"s_waitcnt lgkmcnt(0)",1056,4224,4224,0,""
26,7372,"s_mul_hi_i32 s8, s16, 0x18000000",1056,4696,432,0,""
26,7380,"s_mul_i32 s16, s16, 0x18000000",1056,4760,516,0,""
26,7388,"s_add_u32 s4, s4, s16",1056,4664,428,0,""
26,7392,"s_addc_u32 s5, s5, s8",1056,4828,564,0,""
26,7396,"v_or_b32_e32 v1, s0, v26",1056,18668,14428,0,""
26,7400,"v_mov_b64_e32 v[22:23], s[4:5]",1056,6152,1928,0,""
26,7404,"v_mad_u64_u32 v[22:23], s[4:5], v1, s14, v[22:23]",1056,6508,2284,0,""
26,7412,"v_mov_b32_e32 v1, 0x3000",1056,6712,2452,0,""
26,7420,"v_mad_u32_u24 v23, s1, v1, v23",1056,40692,36468,0,""
26,7428,"v_lshl_add_u64 v[44:45], v[22:23], 0, v[18:19]",1056,5448,1200,0,""
26,7436,"global_load_dwordx4 v[28:31], v[44:45], off offset:16",1056,253848,248796,8424,""
26,7444,"global_load_dwordx4 v[32:35], v[44:45], off",1056,34228,29136,0,""
26,7452,"global_load_dwordx4 v[36:39], v[44:45], off offset:48",1056,32132,27012,0,""
26,7460,"global_load_dwordx4 v[40:43], v[44:45], off offset:32",1056,46248,41948,0,""
26,7468,"v_and_b32_e32 v44, 64, v26",1056,5280,764,0,""
26,7472,"v_lshrrev_b32_e32 v27, 2, v0",1056,5064,828,0,""
26,7476,"v_and_b32_e32 v46, 15, v0",1056,4380,140,0,""
26,7480,"v_mul_u32_u24_e32 v26, 0x44, v26",1056,7828,3604,0,""
26,7488,"v_and_b32_e32 v18, 64, v0",1056,5196,972,0,""
26,7492,"v_and_b32_e32 v45, 12, v27",1056,4400,176,0,""
26,7496,"v_or_b32_e32 v27, 16, v46",1056,5276,1052,0,""
26,7500,"v_or_b32_e32 v47, 32, v46",1056,5152,924,0,""
26,7504,"v_or_b32_e32 v48, 48, v46",1056,4528,296,0,""
26,7508,"v_or_b32_e32 v46, v44, v46",1056,5136,908,0,""
26,7512,"v_add_lshl_u32 v52, v26, v20, 1",1056,5324,1100,0,""
26,7520,"v_and_b32_e32 v1, 0x4f, v0",1056,4540,316,0,""
26,7528,"v_and_b32_e32 v62, 1, v0",1056,5184,960,0,""
26,7532,"v_or_b32_e32 v49, v27, v44",1056,4948,724,0,""
26,7536,"v_or_b32_e32 v50, v47, v44",1056,4604,376,0,""
26,7540,"v_or_b32_e32 v51, v48, v44",1056,5072,844,0,""
26,7544,"v_or_b32_e32 v27, v27, v18",1056,4916,692,0,""
26,7548,"v_or_b32_e32 v47, v47, v18",1056,4668,432,0,""
26,7552,"v_or_b32_e32 v18, v48, v18",1056,5100,856,0,""
26,7556,"s_waitcnt vmcnt(6)",1056,154100,154100,0,""
26,7560,"ds_write2_b64 v52, v[6:7], v[8:9] offset0:2 offset1:3",1056,29644,7896,2208,""
26,7568,"ds_write2_b64 v52, v[2:3], v[4:5] offset1:1",1056,32512,7096,148,""
26,7576,"s_waitcnt vmcnt(4)",1056,12032,12032,0,""
26,7580,"ds_write2_b64 v52, v[14:15], v[16:17] offset0:6 offset1:7",1056,32736,8928,0,""
26,7588,"ds_write2_b64 v52, v[10:11], v[12:13] offset0:4 offset1:5",1056,33860,8648,192,""
26,7596,"v_mul_u32_u24_e32 v2, 0x44, v46",1056,6480,2212,184,""
26,7604,"v_lshlrev_b32_e32 v3, 1, v45",1056,5112,884,0,""
26,7608,"v_mul_u32_u24_e32 v26, 0x44, v1",1056,5256,1032,0,""
26,7616,"v_lshl_add_u32 v46, v2, 1, v3",1056,6000,1772,0,""
26,7624,"v_mul_u32_u24_e32 v2, 0x44, v49",1056,5216,988,0,""
26,7632,"v_mul_u32_u24_e32 v4, 0x44, v50",1056,5060,832,0,""
26,7640,"v_mul_u32_u24_e32 v5, 0x44, v51",1056,5756,1512,0,""
26,7648,"v_mul_u32_u24_e32 v6, 0x44, v27",1056,5272,1044,140,""
26,7656,"v_mul_u32_u24_e32 v7, 0x44, v47",1056,5212,988,0,""
26,7664,"v_mul_u32_u24_e32 v8, 0x44, v18",1056,5912,1684,0,""
26,7672,"v_lshlrev_b32_e32 v18, 6, v62",1056,5252,1020,0,""
26,7676,"v_lshl_add_u32 v55, v26, 1, v3",1056,5572,1344,48,""
26,7684,"v_lshl_add_u32 v47, v2, 1, v3",1056,6236,2000,0,""
26,7692,"v_lshl_add_u32 v48, v4, 1, v3",1056,5424,1196,0,""
26,7700,"v_lshl_add_u32 v49, v5, 1, v3",1056,5420,1188,0,""
26,7708,"v_lshl_add_u32 v58, v6, 1, v3",1056,6016,1780,1184,""
26,7716,"v_lshl_add_u32 v51, v7, 1, v3",1056,5316,1080,0,""
26,7724,"v_lshl_add_u32 v50, v8, 1, v3",1056,5596,1368,0,""
26,7732,"v_lshl_add_u64 v[2:3], v[24:25], 0, v[18:19]",1056,5840,1608,0,""
26,7740,"s_mov_b64 s[4:5], 0x80",1056,4248,4,1240,""
26,7748,"v_lshl_add_u64 v[2:3], s[2:3], 0, v[2:3]",1056,5480,1256,0,""
26,7756,"s_mov_b64 s[8:9], 0",1056,4284,56,0,""
26,7760,"v_add_u32_e32 v53, 0x4400, v52",1056,4528,288,0,""
26,7768,"v_add_u32_e32 v54, 0x4410, v52",1056,5740,1500,0,""
26,7776,"v_add_u32_e32 v56, 0x4430, v52",1056,4456,228,40,""
26,7784,"v_add_u32_e32 v57, 0x4420, v52",1056,5604,1372,0,""
26,7792,"v_add_u32_e32 v59, 0x4000, v55",1056,5572,1336,0,""
26,7800,"v_add_u32_e32 v60, 0x4000, v58",1056,4508,284,0,""
26,7808,"v_add_u32_e32 v61, 0x4000, v51",1056,5616,1384,32,""
26,7816,"v_lshl_add_u64 v[24:25], v[2:3], 0, s[4:5]",1056,5744,1512,0,""
26,7824,"v_add_u32_e32 v62, 0x4000, v50",1056,4516,276,0,""
26,7832,"s_waitcnt vmcnt(3)",1056,836304,836304,0,""
26,7836,"ds_write2_b64 v54, v[28:29], v[30:31] offset1:1",1056,31708,10328,100,""
26,7844,"s_waitcnt vmcnt(2)",1056,21824,21824,0,""
26,7848,"ds_write2_b64 v53, v[32:33], v[34:35] offset1:1",1056,26268,4260,0,""
26,7856,"s_waitcnt vmcnt(1)",1056,27048,27048,0,""
26,7860,"ds_write2_b64 v56, v[36:37], v[38:39] offset1:1",1056,26176,4324,0,""
26,7868,"s_waitcnt vmcnt(0)",1056,35792,35792,0,""
26,7872,"ds_write2_b64 v57, v[40:41], v[42:43] offset1:1",1056,25668,4336,0,""
26,7880,"s_branch 211",1056,4612,0,484,""
26,7884,"s_or_b64 exec, exec, s[2:3]",100320,464200,992,1520760,""
26,7888,"s_waitcnt lgkmcnt(3)",100320,401280,401280,0,""
26,7892,"v_mfma_f32_16x16x16_f16 a[40:43], v[38:39], v[42:43], a[40:43]",100320,2366808,1943992,0,""
26,7900,"ds_read2_b64 v[64:67], v48 offset0:4 offset1:8",100320,1413168,998508,260080,""
26,7908,"ds_read2_b64 v[68:71], v49 offset0:4 offset1:8",100320,709440,301376,0,""
26,7916,"ds_read2_b64 v[72:75], v61 offset0:132 offset1:136",100320,782012,380732,0,""
26,7924,"s_waitcnt lgkmcnt(5)",100320,401280,401280,0,""
26,7928,"v_mfma_f32_16x16x16_f16 a[36:39], v[38:39], v[40:41], a[36:39]",100320,1018028,608020,0,""
26,7936,"ds_read2_b64 v[76:79], v62 offset0:132 offset1:136",100320,1022792,621512,492,""
26,7944,"s_add_i32 s15, s15, 1",100320,401464,176,0,""
26,7948,"s_add_u32 s8, s8, 64",100320,402144,516,0,""
26,7952,"v_mfma_f32_16x16x16_f16 a[28:31], v[36:37], v[42:43], a[28:31]",100320,875360,474080,0,""
26,7960,"s_addc_u32 s9, s9, 0",100320,401628,132,0,""
26,7964,"v_lshl_add_u64 v[24:25], v[24:25], 0, s[4:5]",100320,468312,67016,4,""
26,7972,"s_cmpk_lg_i32 s8, 0x17c0",100320,401992,604,0,""
26,7976,"v_mfma_f32_16x16x16_f16 a[32:35], v[36:37], v[40:41], a[32:35]",100320,1182852,769944,0,""
26,7984,"v_mfma_f32_16x16x16_f16 a[16:19], v[32:33], v[42:43], a[16:19]",100320,2770016,2356896,0,""
26,7992,"v_mfma_f32_16x16x16_f16 a[20:23], v[32:33], v[40:41], a[20:23]",100320,2303420,1891636,0,""
26,8000,"v_mfma_f32_16x16x16_f16 a[12:15], v[28:29], v[42:43], a[12:15]",100320,2152216,1738984,0,""
26,8008,"v_mfma_f32_16x16x16_f16 a[4:7], v[28:29], v[40:41], a[4:7]",100320,2043228,1636216,0,""
26,8016,"ds_read2_b64 v[40:43], v47 offset0:4 offset1:8",100320,1501160,1099880,0,""
26,8024,"s_waitcnt lgkmcnt(6)",100320,401280,401280,0,""
26,8028,"v_mfma_f32_16x16x16_f16 a[0:3], v[38:39], v[34:35], a[0:3]",100320,1008352,593160,0,""
26,8036,"v_mfma_f32_16x16x16_f16 a[24:27], v[36:37], v[34:35], a[24:27]",100320,1746628,1330772,0,""
26,8044,"v_mfma_f32_16x16x16_f16 a[52:55], v[32:33], v[34:35], a[52:55]",100320,1790892,1389612,0,""
26,8052,"s_waitcnt lgkmcnt(5)",100320,401280,401280,0,""
26,8056,"v_mfma_f32_16x16x16_f16 a[56:59], v[32:33], v[30:31], a[56:59]",100320,1402908,984656,0,""
26,8064,"v_mfma_f32_16x16x16_f16 a[60:63], v[28:29], v[34:35], a[60:63]",100320,1712772,1304352,0,""
26,8072,"ds_read2_b64 v[32:35], v46 offset0:4 offset1:8",100320,1667596,1257944,0,""
26,8080,"v_mfma_f32_16x16x16_f16 a[8:11], v[38:39], v[30:31], a[8:11]",100320,1189500,775000,0,""
26,8088,"v_mfma_f32_16x16x16_f16 a[44:47], v[36:37], v[30:31], a[44:47]",100320,1720160,1316792,0,""
26,8096,"ds_read2_b64 v[36:39], v60 offset0:132 offset1:136",100320,1106160,694912,0,""
26,8104,"v_mfma_f32_16x16x16_f16 a[48:51], v[28:29], v[30:31], a[48:51]",100320,1336480,934676,0,""
26,8112,"ds_read2_b64 v[28:31], v59 offset0:132 offset1:136",100320,890516,479356,0,""
26,8120,"s_waitcnt lgkmcnt(0)",100320,7628392,7628392,0,""
26,8124,"v_mfma_f32_16x16x16_f16 a[40:43], v[32:33], v[28:29], a[40:43]",100320,1162228,751276,0,""
26,8132,"v_mfma_f32_16x16x16_f16 a[36:39], v[32:33], v[36:37], a[36:39]",100320,1820388,1409036,0,""
26,8140,"v_mfma_f32_16x16x16_f16 a[28:31], v[40:41], v[28:29], a[28:31]",100320,1791476,1379900,0,""
26,8148,"v_mfma_f32_16x16x16_f16 a[32:35], v[40:41], v[36:37], a[32:35]",100320,1846796,1435100,0,""
26,8156,"v_mfma_f32_16x16x16_f16 a[16:19], v[64:65], v[28:29], a[16:19]",100320,1995940,1584060,0,""
26,8164,"v_mfma_f32_16x16x16_f16 a[20:23], v[64:65], v[36:37], a[20:23]",100320,1995048,1583408,0,""
26,8172,"v_mfma_f32_16x16x16_f16 a[12:15], v[68:69], v[28:29], a[12:15]",100320,1998128,1586296,0,""
26,8180,"v_mfma_f32_16x16x16_f16 a[4:7], v[68:69], v[36:37], a[4:7]",100320,2018408,1606392,0,""
26,8188,"v_mfma_f32_16x16x16_f16 a[0:3], v[32:33], v[72:73], a[0:3]",100320,1964756,1552672,928,""
26,8196,"v_mfma_f32_16x16x16_f16 a[8:11], v[32:33], v[76:77], a[8:11]",100320,1896284,1483724,0,""
26,8204,"v_mfma_f32_16x16x16_f16 a[24:27], v[40:41], v[72:73], a[24:27]",100320,1869800,1456608,0,""
26,8212,"v_mfma_f32_16x16x16_f16 a[44:47], v[40:41], v[76:77], a[44:47]",100320,1832744,1418476,0,""
26,8220,"v_mfma_f32_16x16x16_f16 a[52:55], v[64:65], v[72:73], a[52:55]",100320,1840440,1425232,0,""
26,8228,"v_mfma_f32_16x16x16_f16 a[56:59], v[64:65], v[76:77], a[56:59]",100320,1792416,1376292,0,""
26,8236,"v_mfma_f32_16x16x16_f16 a[60:63], v[68:69], v[72:73], a[60:63]",100320,1763248,1346108,0,""
26,8244,"v_mfma_f32_16x16x16_f16 a[48:51], v[68:69], v[76:77], a[48:51]",100320,1752804,1334496,0,""
26,8252,"v_mfma_f32_16x16x16_f16 a[40:43], v[34:35], v[30:31], a[40:43]",100320,1747248,1327916,0,""
26,8260,"v_mfma_f32_16x16x16_f16 a[36:39], v[34:35], v[38:39], a[36:39]",100320,1734228,1313692,0,""
26,8268,"v_mfma_f32_16x16x16_f16 a[28:31], v[42:43], v[30:31], a[28:31]",100320,1737056,1315612,0,""
26,8276,"v_mfma_f32_16x16x16_f16 a[32:35], v[42:43], v[38:39], a[32:35]",100320,1753124,1330848,0,""
26,8284,"v_mfma_f32_16x16x16_f16 a[16:19], v[66:67], v[30:31], a[16:19]",100320,1772168,1348860,0,""
26,8292,"v_mfma_f32_16x16x16_f16 a[20:23], v[66:67], v[38:39], a[20:23]",100320,1825628,1401412,0,""
26,8300,"v_mfma_f32_16x16x16_f16 a[12:15], v[70:71], v[30:31], a[12:15]",100320,1830212,1405560,0,""
26,8308,"v_mfma_f32_16x16x16_f16 a[4:7], v[70:71], v[38:39], a[4:7]",100320,1833600,1429540,0,""
26,8316,"v_lshl_add_u64 v[38:39], v[26:27], 1, v[22:23]",100320,499512,85536,0,""
26,8324,"v_mfma_f32_16x16x16_f16 a[0:3], v[34:35], v[74:75], a[0:3]",100320,1449136,1034728,0,""
26,8332,"v_mfma_f32_16x16x16_f16 a[8:11], v[34:35], v[78:79], a[8:11]",100320,1952172,1537672,0,""
26,8340,"v_mfma_f32_16x16x16_f16 a[24:27], v[42:43], v[74:75], a[24:27]",100320,1959656,1544864,0,""
26,8348,"v_mfma_f32_16x16x16_f16 a[44:47], v[42:43], v[78:79], a[44:47]",100320,2059192,1644460,0,""
26,8356,"v_mfma_f32_16x16x16_f16 a[52:55], v[66:67], v[74:75], a[52:55]",100320,1929524,1515460,0,""
26,8364,"v_mfma_f32_16x16x16_f16 a[56:59], v[66:67], v[78:79], a[56:59]",100320,1922692,1517728,0,""
26,8372,"ds_read_b64 v[34:35], v46 offset:96",100320,1028592,624380,0,""
26,8380,"ds_read_b64 v[42:43], v47 offset:96",100320,651144,247140,0,""
26,8388,"ds_read_b64 v[64:65], v48 offset:96",100320,632232,228580,0,""
26,8396,"ds_read_b64 v[66:67], v49 offset:96",100320,706684,303336,0,""
26,8404,"ds_read_b64 v[28:29], v55 offset:17504",100320,744124,342412,0,""
26,8412,"v_mfma_f32_16x16x16_f16 a[60:63], v[70:71], v[74:75], a[60:63]",100320,1377156,969388,251700,""
26,8420,"v_mfma_f32_16x16x16_f16 a[48:51], v[70:71], v[78:79], a[48:51]",100320,2023752,1621044,0,""
26,8428,"ds_read_b64 v[30:31], v58 offset:17504",100320,993816,591428,0,""
26,8436,"ds_read_b64 v[68:69], v51 offset:17504",100320,745272,343004,0,""
26,8444,"ds_read_b64 v[70:71], v50 offset:17504",100320,787412,385028,0,""
26,8452,"s_waitcnt lgkmcnt(3)",100320,1709596,1709596,0,""
26,8456,"v_mfma_f32_16x16x16_f16 a[40:43], v[34:35], v[28:29], a[40:43]",100320,1125776,719304,0,""
26,8464,"s_waitcnt lgkmcnt(2)",100320,2178452,2178452,0,""
26,8468,"v_mfma_f32_16x16x16_f16 a[36:39], v[34:35], v[30:31], a[36:39]",100320,1675932,1267148,0,""
26,8476,"v_mfma_f32_16x16x16_f16 a[28:31], v[42:43], v[28:29], a[28:31]",100320,2058864,1650024,0,""
26,8484,"v_mfma_f32_16x16x16_f16 a[32:35], v[42:43], v[30:31], a[32:35]",100320,1917220,1507112,0,""
26,8492,"v_mfma_f32_16x16x16_f16 a[16:19], v[64:65], v[28:29], a[16:19]",100320,2428032,2016748,0,""
26,8500,"v_mfma_f32_16x16x16_f16 a[20:23], v[64:65], v[30:31], a[20:23]",100320,2514204,2101860,0,""
26,8508,"v_mfma_f32_16x16x16_f16 a[12:15], v[66:67], v[28:29], a[12:15]",100320,2251684,1837828,0,""
26,8516,"v_mfma_f32_16x16x16_f16 a[4:7], v[66:67], v[30:31], a[4:7]",100320,2489584,2074200,0,""
26,8524,"global_load_dwordx4 v[26:29], v[38:39], off offset:144",100320,3832020,3342104,0,""
26,8532,"global_load_dwordx4 v[30:33], v[38:39], off offset:128",100320,862520,461240,0,""
26,8540,"s_waitcnt lgkmcnt(1)",100320,401280,401280,0,""
26,8544,"v_mfma_f32_16x16x16_f16 a[0:3], v[34:35], v[68:69], a[0:3]",100320,1878224,1476944,0,""
26,8552,"s_waitcnt lgkmcnt(0)",100320,401280,401280,0,""
26,8556,"v_mfma_f32_16x16x16_f16 a[8:11], v[34:35], v[70:71], a[8:11]",100320,1960108,1530320,0,""
26,8564,"global_load_dwordx4 v[34:37], v[38:39], off offset:176",100320,1989620,1588340,0,""
26,8572,"s_nop 0",100320,401280,401280,0,""
26,8576,"global_load_dwordx4 v[38:41], v[38:39], off offset:160",100320,1728816,1327360,616,""
26,8584,"s_barrier",100320,13389008,13389008,576,""
26,8588,"v_mfma_f32_16x16x16_f16 a[24:27], v[42:43], v[68:69], a[24:27]",100320,1679232,1267956,0,""
26,8596,"s_waitcnt vmcnt(6)",100320,2257804,2257804,0,""
26,8600,"ds_write2_b64 v52, v[6:7], v[8:9] offset0:2 offset1:3",100320,4023264,1925140,0,""
26,8608,"ds_write2_b64 v52, v[2:3], v[4:5] offset1:1",100320,5803528,3758888,79996,""
26,8616,"s_waitcnt vmcnt(4)",100320,555804,555804,0,""
26,8620,"ds_write2_b64 v52, v[14:15], v[16:17] offset0:6 offset1:7",100320,5282304,3187672,0,""
26,8628,"ds_write2_b64 v52, v[10:11], v[12:13] offset0:4 offset1:5",100320,5245524,3090516,77168,""
26,8636,"s_waitcnt vmcnt(3)",100320,60698556,60698556,0,""
26,8640,"ds_write2_b64 v54, v[26:27], v[28:29] offset1:1",100320,2944240,845876,0,""
26,8648,"s_waitcnt vmcnt(2)",100320,1022584,1022584,0,""
26,8652,"ds_write2_b64 v53, v[30:31], v[32:33] offset1:1",100320,2889680,541452,0,""
26,8660,"v_mfma_f32_16x16x16_f16 a[44:47], v[42:43], v[70:71], a[44:47]",100320,3234980,2806888,27572,""
26,8668,"s_waitcnt vmcnt(1)",100320,10284068,10284068,0,""
26,8672,"ds_write2_b64 v56, v[34:35], v[36:37] offset1:1",100320,2853328,694884,14696,""
26,8680,"s_waitcnt vmcnt(0)",100320,3523848,3523848,0,""
26,8684,"ds_write2_b64 v57, v[38:39], v[40:41] offset1:1",100320,2889868,586816,0,""
26,8692,"v_mfma_f32_16x16x16_f16 a[52:55], v[64:65], v[68:69], a[52:55]",100320,2890752,2460640,23820,""
26,8700,"v_mfma_f32_16x16x16_f16 a[56:59], v[64:65], v[70:71], a[56:59]",100320,2814592,2383928,0,""
26,8708,"v_mfma_f32_16x16x16_f16 a[60:63], v[66:67], v[68:69], a[60:63]",100320,2395112,1962712,0,""
26,8716,"v_mfma_f32_16x16x16_f16 a[48:51], v[66:67], v[70:71], a[48:51]",100320,2464252,2062776,0,""
26,8724,"s_cbranch_scc0 53",100320,404800,3228,0,""
26,8728,"s_waitcnt lgkmcnt(0)",100320,480104,480104,0,""
26,8732,"s_barrier",100320,23938532,23938532,1804,""
26,8736,"ds_read_b64 v[38:39], v46",100320,1582876,1159264,104124,""
26,8744,"ds_read_b64 v[36:37], v47",100320,981904,556032,0,""
26,8752,"ds_read_b64 v[32:33], v48",100320,1162756,734364,0,""
26,8760,"ds_read_b64 v[28:29], v49",100320,1133052,703632,0,""
26,8768,"ds_read_b64 v[42:43], v55 offset:17408",100320,1236160,805412,2424,""
26,8776,"ds_read_b64 v[40:41], v58 offset:17408",100320,1488264,1057912,0,""
26,8784,"ds_read_b64 v[34:35], v51 offset:17408",100320,1844696,1415048,0,""
26,8792,"ds_read_b64 v[30:31], v50 offset:17408",100320,1712840,1311476,0,""
26,8800,"s_and_saveexec_b64 s[2:3], vcc",100320,401796,492,0,""
26,8804,"s_xor_b64 s[2:3], exec, s[2:3]",100320,406460,1012,0,""
26,8808,"v_lshl_add_u64 v[26:27], v[20:21], 0, s[8:9]",100320,1195492,794188,0,""
26,8816,"s_or_saveexec_b64 s[2:3], s[2:3]",100320,407084,692,0,""
26,8820,"v_mov_b32_e32 v2, 0",100320,981196,575896,0,""
26,8824,"v_mov_b32_e32 v3, 0",100320,839352,436336,0,""
26,8828,"v_mov_b32_e32 v4, 0",100320,727384,325252,0,""
26,8832,"v_mov_b32_e32 v5, 0",100320,710244,308444,0,""
26,8836,"v_mov_b32_e32 v6, 0",100320,647704,246152,0,""
26,8840,"v_mov_b32_e32 v7, 0",100320,585252,183284,0,""
26,8844,"v_mov_b32_e32 v8, 0",100320,911576,509872,0,""
26,8848,"v_mov_b32_e32 v9, 0",100320,627708,226168,0,""
26,8852,"v_mov_b32_e32 v10, 0",100320,798224,396404,0,""
26,8856,"v_mov_b32_e32 v11, 0",100320,696728,295112,0,""
26,8860,"v_mov_b32_e32 v12, 0",100320,671840,270436,0,""
26,8864,"v_mov_b32_e32 v13, 0",100320,533176,131612,0,""
26,8868,"v_mov_b32_e32 v14, 0",100320,511428,109912,0,""
26,8872,"v_mov_b32_e32 v15, 0",100320,479360,77868,0,""
26,8876,"v_mov_b32_e32 v16, 0",100320,449888,48264,0,""
26,8880,"v_mov_b32_e32 v17, 0",100320,467060,65780,0,""
26,8884,"s_xor_b64 exec, exec, s[2:3]",100320,404760,436,0,""
26,8888,"s_cbranch_execz 65284",100320,405904,1180,398236,""
26,8892,"global_load_dwordx4 v[2:5], v[24:25], off",98040,4336004,3906360,1565632,""
26,8900,"global_load_dwordx4 v[6:9], v[24:25], off offset:16",98040,860868,423404,0,""
26,8908,"global_load_dwordx4 v[10:13], v[24:25], off offset:32",98040,865012,424584,0,""
26,8916,"global_load_dwordx4 v[14:17], v[24:25], off offset:48",98040,1143592,701308,0,""
26,8924,"v_lshl_or_b32 v18, s15, 6, v20",98040,452636,46212,146468,""
26,8932,"v_mov_b64_e32 v[26:27], v[18:19]",98040,444792,52568,0,""
26,8936,"s_branch 65272",98040,479228,188,0,""
26,8940,"s_waitcnt lgkmcnt(0)",1056,21076,21076,0,""
26,8944,"s_barrier",1056,187796,187796,0,""
26,8948,"ds_read2_b64 v[2:5], v46 offset1:4",1056,8632,4248,0,""
26,8956,"ds_read2_b64 v[14:17], v47 offset1:4",1056,9048,4648,0,""
26,8964,"ds_read2_b64 v[18:21], v48 offset1:4",1056,10032,5616,0,""
26,8972,"ds_read2_b64 v[22:25], v49 offset1:4",1056,10132,5872,0,""
26,8980,"v_add_u32_e32 v34, 0x4000, v55",1056,6668,2412,0,""
26,8988,"v_add_u32_e32 v35, 0x4000, v58",1056,6404,2172,0,""
26,8996,"v_add_u32_e32 v36, 0x4000, v51",1056,5468,1236,0,""
26,9004,"v_add_u32_e32 v37, 0x4000, v50",1056,5688,1436,0,""
26,9012,"ds_read2_b64 v[6:9], v34 offset0:128 offset1:132",1056,18340,14040,8420,""
26,9020,"ds_read2_b64 v[10:13], v35 offset0:128 offset1:132",1056,23552,19228,0,""
26,9028,"ds_read2_b64 v[26:29], v36 offset0:128 offset1:132",1056,28732,24392,0,""
26,9036,"ds_read2_b64 v[30:33], v37 offset0:128 offset1:132",1056,26308,21956,0,""
26,9044,"s_waitcnt lgkmcnt(3)",1056,65380,65380,0,""
26,9048,"v_mfma_f32_16x16x16_f16 a[40:43], v[2:3], v[6:7], a[40:43]",1056,5992,1748,0,""
26,9056,"v_lshlrev_b32_e32 v1, 1, v1",1056,4740,516,0,""
26,9060,"s_movk_i32 s2, 0x104",1056,4392,0,0,""
26,9064,"s_waitcnt lgkmcnt(2)",1056,13712,13712,0,""
26,9068,"v_mfma_f32_16x16x16_f16 a[36:39], v[2:3], v[10:11], a[36:39]",1056,5832,1532,0,""
26,9076,"v_mfma_f32_16x16x16_f16 a[28:31], v[14:15], v[6:7], a[28:31]",1056,17228,12920,0,""
26,9084,"v_mfma_f32_16x16x16_f16 a[16:19], v[18:19], v[6:7], a[16:19]",1056,17192,12856,0,""
26,9092,"v_mfma_f32_16x16x16_f16 a[12:15], v[22:23], v[6:7], a[12:15]",1056,17000,12776,0,""
26,9100,"s_waitcnt lgkmcnt(1)",1056,4224,4224,0,""
26,9104,"v_mfma_f32_16x16x16_f16 a[0:3], v[2:3], v[26:27], a[0:3]",1056,12972,8748,0,""
26,9112,"s_waitcnt lgkmcnt(0)",1056,4232,4232,0,""
26,9116,"v_mfma_f32_16x16x16_f16 a[8:11], v[2:3], v[30:31], a[8:11]",1056,12840,8500,0,""
26,9124,"v_mfma_f32_16x16x16_f16 a[32:35], v[14:15], v[10:11], a[32:35]",1056,16940,12604,0,""
26,9132,"v_mfma_f32_16x16x16_f16 a[20:23], v[18:19], v[10:11], a[20:23]",1056,16940,12600,0,""
26,9140,"v_mfma_f32_16x16x16_f16 a[4:7], v[22:23], v[10:11], a[4:7]",1056,16884,12556,0,""
26,9148,"v_mfma_f32_16x16x16_f16 a[24:27], v[14:15], v[26:27], a[24:27]",1056,16892,12568,0,""
26,9156,"v_mfma_f32_16x16x16_f16 a[44:47], v[14:15], v[30:31], a[44:47]",1056,16896,12572,0,""
26,9164,"v_mfma_f32_16x16x16_f16 a[52:55], v[18:19], v[26:27], a[52:55]",1056,16892,12572,0,""
26,9172,"v_mfma_f32_16x16x16_f16 a[56:59], v[18:19], v[30:31], a[56:59]",1056,16896,12576,0,""
26,9180,"v_mfma_f32_16x16x16_f16 a[60:63], v[22:23], v[26:27], a[60:63]",1056,16896,12576,0,""
26,9188,"v_mfma_f32_16x16x16_f16 a[48:51], v[22:23], v[30:31], a[48:51]",1056,16900,12576,0,""
26,9196,"v_mfma_f32_16x16x16_f16 a[40:43], v[4:5], v[8:9], a[40:43]",1056,16888,12572,0,""
26,9204,"v_mfma_f32_16x16x16_f16 a[36:39], v[4:5], v[12:13], a[36:39]",1056,16896,12580,0,""
26,9212,"v_mfma_f32_16x16x16_f16 a[28:31], v[16:17], v[8:9], a[28:31]",1056,16896,12580,0,""
26,9220,"v_mfma_f32_16x16x16_f16 a[16:19], v[20:21], v[8:9], a[16:19]",1056,16884,12580,0,""
26,9228,"v_mfma_f32_16x16x16_f16 a[12:15], v[24:25], v[8:9], a[12:15]",1056,16904,12592,0,""
26,9236,"v_mfma_f32_16x16x16_f16 a[0:3], v[4:5], v[28:29], a[0:3]",1056,16896,12584,0,""
26,9244,"v_mfma_f32_16x16x16_f16 a[8:11], v[4:5], v[32:33], a[8:11]",1056,16808,12584,0,""
26,9252,"ds_read2_b64 v[2:5], v46 offset0:8 offset1:12",1056,4536,308,0,""
26,9260,"ds_read2_b64 v[6:9], v34 offset0:136 offset1:140",1056,4392,164,0,""
26,9268,"v_mfma_f32_16x16x16_f16 a[32:35], v[16:17], v[12:13], a[32:35]",1056,8356,4112,0,""
26,9276,"v_mfma_f32_16x16x16_f16 a[20:23], v[20:21], v[12:13], a[20:23]",1056,16892,12652,0,""
26,9284,"v_mfma_f32_16x16x16_f16 a[4:7], v[24:25], v[12:13], a[4:7]",1056,16900,12656,0,""
26,9292,"v_mfma_f32_16x16x16_f16 a[24:27], v[16:17], v[28:29], a[24:27]",1056,16896,12652,0,""
26,9300,"v_mfma_f32_16x16x16_f16 a[44:47], v[16:17], v[32:33], a[44:47]",1056,16888,12652,0,""
26,9308,"v_mfma_f32_16x16x16_f16 a[52:55], v[20:21], v[28:29], a[52:55]",1056,16896,12660,0,""
26,9316,"v_mfma_f32_16x16x16_f16 a[56:59], v[20:21], v[32:33], a[56:59]",1056,16884,12660,0,""
26,9324,"ds_read2_b64 v[10:13], v47 offset0:8 offset1:12",1056,6464,2240,0,""
26,9332,"ds_read2_b64 v[14:17], v48 offset0:8 offset1:12",1056,7476,3252,0,""
26,9340,"ds_read2_b64 v[18:21], v49 offset0:8 offset1:12",1056,6380,2156,0,""
26,9348,"v_mfma_f32_16x16x16_f16 a[60:63], v[24:25], v[28:29], a[60:63]",1056,5032,804,0,""
26,9356,"v_mfma_f32_16x16x16_f16 a[48:51], v[24:25], v[32:33], a[48:51]",1056,16892,12668,0,""
26,9364,"ds_read2_b64 v[22:25], v35 offset0:136 offset1:140",1056,10140,5916,0,""
26,9372,"ds_read2_b64 v[26:29], v36 offset0:136 offset1:140",1056,10824,6600,0,""
26,9380,"ds_read2_b64 v[30:33], v37 offset0:136 offset1:140",1056,12460,8236,0,""
26,9388,"s_waitcnt lgkmcnt(6)",1056,4224,4224,0,""
26,9392,"v_mfma_f32_16x16x16_f16 a[40:43], v[2:3], v[6:7], a[40:43]",1056,9048,4824,0,""
26,9400,"s_waitcnt lgkmcnt(2)",1056,83956,83956,0,""
26,9404,"v_mfma_f32_16x16x16_f16 a[36:39], v[2:3], v[22:23], a[36:39]",1056,6532,2276,0,""
26,9412,"v_mfma_f32_16x16x16_f16 a[40:43], v[4:5], v[8:9], a[40:43]",1056,16976,12724,0,""
26,9420,"v_mfma_f32_16x16x16_f16 a[28:31], v[10:11], v[6:7], a[28:31]",1056,17316,13064,0,""
26,9428,"v_mfma_f32_16x16x16_f16 a[36:39], v[4:5], v[24:25], a[36:39]",1056,17224,12976,0,""
26,9436,"s_nop 5",1056,25320,25320,0,""
26,9440,"v_accvgpr_read_b32 v34, a43",1056,4644,416,0,""
26,9448,"v_accvgpr_read_b32 v35, a42",1056,6700,2476,0,""
26,9456,"v_cvt_pk_f16_f32 v34, v35, v34",1056,4640,408,0,""
26,9464,"v_mfma_f32_16x16x16_f16 a[28:31], v[12:13], v[8:9], a[28:31]",1056,6856,2632,0,""
26,9472,"v_accvgpr_read_b32 v35, a41",1056,4336,112,0,""
26,9480,"v_accvgpr_read_b32 v36, a40",1056,4312,88,0,""
26,9488,"v_cvt_pk_f16_f32 v35, v36, v35",1056,4272,48,0,""
26,9496,"v_mfma_f32_16x16x16_f16 a[16:19], v[14:15], v[6:7], a[16:19]",1056,4304,80,0,""
26,9504,"v_accvgpr_read_b32 v36, a39",1056,4232,8,4,""
26,9512,"v_accvgpr_read_b32 v37, a38",1056,4244,20,0,""
26,9520,"v_cvt_pk_f16_f32 v36, v37, v36",1056,4240,16,0,""
26,9528,"v_accvgpr_read_b32 v37, a37",1056,6448,2224,0,""
26,9536,"v_accvgpr_read_b32 v38, a36",1056,4260,36,4,""
26,9544,"v_cvt_pk_f16_f32 v37, v38, v37",1056,4264,36,0,""
26,9552,"v_accvgpr_read_b32 v38, a31",1056,6200,1976,0,""
26,9560,"v_accvgpr_read_b32 v39, a30",1056,4272,44,0,""
26,9568,"v_mfma_f32_16x16x16_f16 a[30:33], v[10:11], v[22:23], a[32:35]",1056,6284,2060,0,""
26,9576,"v_cvt_pk_f16_f32 v38, v39, v38",1056,4224,0,0,""
26,9584,"v_accvgpr_read_b32 v39, a29",1056,4224,0,0,""
26,9592,"v_accvgpr_read_b32 v40, a28",1056,4224,0,0,""
26,9600,"v_mfma_f32_16x16x16_f16 a[28:31], v[12:13], v[24:25], a[30:33]",1056,4224,0,4,""
26,9608,"v_cvt_pk_f16_f32 v39, v40, v39",1056,4224,0,0,""
26,9616,"v_mfma_f32_16x16x16_f16 a[16:19], v[16:17], v[8:9], a[16:19]",1056,12676,8448,0,""
26,9624,"v_mfma_f32_16x16x16_f16 a[12:15], v[18:19], v[6:7], a[12:15]",1056,16896,12668,0,""
26,9632,"s_nop 4",1056,21116,21116,0,""
26,9636,"v_accvgpr_read_b32 v40, a31",1056,4248,24,0,""
26,9644,"v_accvgpr_read_b32 v41, a30",1056,4224,0,0,""
26,9652,"v_cvt_pk_f16_f32 v40, v41, v40",1056,5768,1544,0,""
26,9660,"v_accvgpr_read_b32 v41, a29",1056,4272,48,0,""
26,9668,"v_accvgpr_read_b32 v42, a28",1056,4236,12,0,""
26,9676,"v_cvt_pk_f16_f32 v41, v42, v41",1056,5636,1412,0,""
26,9684,"v_accvgpr_read_b32 v42, a19",1056,4304,72,0,""
26,9692,"v_accvgpr_read_b32 v43, a18",1056,4284,52,2728,""
26,9700,"v_mfma_f32_16x16x16_f16 a[18:21], v[14:15], v[22:23], a[20:23]",1056,4416,192,0,""
26,9708,"v_cvt_pk_f16_f32 v42, v43, v42",1056,4224,0,0,""
26,9716,"v_accvgpr_read_b32 v43, a17",1056,4232,0,0,""
26,9724,"v_accvgpr_read_b32 v46, a16",1056,5656,1420,4092,""
26,9732,"v_mfma_f32_16x16x16_f16 a[4:7], v[18:19], v[22:23], a[4:7]",1056,7060,2836,0,""
26,9740,"v_cvt_pk_f16_f32 v43, v46, v43",1056,4240,0,0,""
26,9748,"v_mfma_f32_16x16x16_f16 a[16:19], v[16:17], v[24:25], a[18:21]",1056,12680,8432,0,""
26,9756,"v_mfma_f32_16x16x16_f16 a[12:15], v[20:21], v[8:9], a[12:15]",1056,16872,12648,0,""
26,9764,"s_waitcnt lgkmcnt(1)",1056,4224,4224,0,""
26,9768,"v_mfma_f32_16x16x16_f16 a[0:3], v[2:3], v[26:27], a[0:3]",1056,12708,8448,0,""
26,9776,"s_nop 4",1056,21084,21084,0,""
26,9780,"v_accvgpr_read_b32 v6, a17",1056,4252,28,0,""
26,9788,"v_accvgpr_read_b32 v7, a16",1056,4228,4,0,""
26,9796,"v_cvt_pk_f16_f32 v6, v7, v6",1056,5336,1112,0,""
26,9804,"v_mfma_f32_16x16x16_f16 a[4:7], v[20:21], v[24:25], a[4:7]",1056,6452,2228,0,""
26,9812,"v_accvgpr_read_b32 v7, a15",1056,4340,0,0,""
26,9820,"v_accvgpr_read_b32 v8, a14",1056,4264,4,3028,""
26,9828,"v_cvt_pk_f16_f32 v7, v8, v7",1056,4696,468,0,""
26,9836,"v_mfma_f32_16x16x16_f16 a[0:3], v[4:5], v[28:29], a[0:3]",1056,5232,1008,0,""
26,9844,"v_accvgpr_read_b32 v8, a13",1056,4264,0,0,""
26,9852,"v_accvgpr_read_b32 v9, a12",1056,4232,0,3712,""
26,9860,"v_cvt_pk_f16_f32 v8, v9, v8",1056,5364,1140,0,""
26,9868,"v_accvgpr_read_b32 v46, a19",1056,4536,312,0,""
26,9876,"v_accvgpr_read_b32 v9, a7",1056,4360,92,0,""
26,9884,"v_accvgpr_read_b32 v22, a6",1056,5012,780,2716,""
26,9892,"v_cvt_pk_f16_f32 v9, v22, v9",1056,4552,328,0,""
26,9900,"v_accvgpr_read_b32 v22, a5",1056,4352,128,0,""
26,9908,"v_accvgpr_read_b32 v23, a4",1056,4816,568,0,""
26,9916,"v_cvt_pk_f16_f32 v22, v23, v22",1056,4492,252,3212,""
26,9924,"v_accvgpr_read_b32 v23, a3",1056,4448,224,0,""
26,9932,"v_accvgpr_read_b32 v24, a2",1056,4856,632,0,""
26,9940,"s_waitcnt lgkmcnt(0)",1056,4224,4224,0,""
26,9944,"v_mfma_f32_16x16x16_f16 a[2:5], v[2:3], v[30:31], a[8:11]",1056,5684,1460,0,""
26,9952,"v_accvgpr_read_b32 v2, a1",1056,4224,0,40,""
26,9960,"v_accvgpr_read_b32 v3, a0",1056,4224,0,0,""
26,9968,"v_cvt_pk_f16_f32 v2, v3, v2",1056,4244,20,0,""
26,9976,"v_mfma_f32_16x16x16_f16 a[0:3], v[4:5], v[32:33], a[2:5]",1056,4264,40,0,""
26,9984,"v_cvt_pk_f16_f32 v23, v24, v23",1056,4224,0,44,""
26,9992,"v_accvgpr_read_b32 v47, a18",1056,4224,0,0,""
26,10000,"v_cvt_pk_f16_f32 v46, v47, v46",1056,4276,16,0,""
26,10008,"s_nop 4",1056,21084,21084,0,""
26,10012,"v_accvgpr_read_b32 v3, a3",1056,4448,216,0,""
26,10020,"v_accvgpr_read_b32 v4, a2",1056,4332,100,0,""
26,10028,"v_mfma_f32_16x16x16_f16 a[2:5], v[10:11], v[26:27], a[24:27]",1056,5712,1488,0,""
26,10036,"v_cvt_pk_f16_f32 v3, v4, v3",1056,4240,0,0,""
26,10044,"v_accvgpr_read_b32 v4, a1",1056,4228,0,2876,""
26,10052,"v_accvgpr_read_b32 v5, a0",1056,4604,372,0,""
26,10060,"v_mfma_f32_16x16x16_f16 a[0:3], v[12:13], v[28:29], a[2:5]",1056,4968,744,0,""
26,10068,"v_cvt_pk_f16_f32 v4, v5, v4",1056,4244,0,0,""
26,10076,"s_nop 6",1056,29548,29548,0,""
26,10080,"v_accvgpr_read_b32 v5, a3",1056,4328,104,0,""
26,10088,"v_accvgpr_read_b32 v24, a2",1056,4288,64,0,""
26,10096,"v_mfma_f32_16x16x16_f16 a[2:5], v[10:11], v[30:31], a[44:47]",1056,5972,1748,0,""
26,10104,"v_accvgpr_read_b32 v10, a1",1056,4224,0,0,""
26,10112,"v_accvgpr_read_b32 v11, a0",1056,4224,0,20,""
26,10120,"v_cvt_pk_f16_f32 v10, v11, v10",1056,4236,8,0,""
26,10128,"v_mfma_f32_16x16x16_f16 a[0:3], v[12:13], v[32:33], a[2:5]",1056,4236,12,0,""
26,10136,"v_cvt_pk_f16_f32 v5, v24, v5",1056,4228,0,0,""
26,10144,"s_nop 6",1056,29580,29580,0,""
26,10148,"v_accvgpr_read_b32 v11, a3",1056,4364,140,0,""
26,10156,"v_accvgpr_read_b32 v12, a2",1056,4308,84,0,""
26,10164,"v_mfma_f32_16x16x16_f16 a[2:5], v[14:15], v[26:27], a[52:55]",1056,6192,1968,0,""
26,10172,"v_cvt_pk_f16_f32 v11, v12, v11",1056,4224,0,0,""
26,10180,"v_accvgpr_read_b32 v12, a1",1056,4224,0,0,""
26,10188,"v_accvgpr_read_b32 v13, a0",1056,4224,0,0,""
26,10196,"v_mfma_f32_16x16x16_f16 a[0:3], v[16:17], v[28:29], a[2:5]",1056,4232,0,0,""
26,10204,"v_cvt_pk_f16_f32 v12, v13, v12",1056,4260,0,4216,""
26,10212,"s_nop 6",1056,29532,29532,0,""
26,10216,"v_accvgpr_read_b32 v13, a3",1056,4340,100,0,""
26,10224,"v_accvgpr_read_b32 v24, a2",1056,4320,84,0,""
26,10232,"v_mfma_f32_16x16x16_f16 a[2:5], v[14:15], v[30:31], a[56:59]",1056,4756,532,0,""
26,10240,"v_accvgpr_read_b32 v14, a1",1056,4224,0,0,""
26,10248,"v_accvgpr_read_b32 v15, a0",1056,4224,0,0,""
26,10256,"v_cvt_pk_f16_f32 v14, v15, v14",1056,4224,0,0,""
26,10264,"v_mfma_f32_16x16x16_f16 a[0:3], v[16:17], v[32:33], a[2:5]",1056,4224,0,0,""
26,10272,"v_cvt_pk_f16_f32 v13, v24, v13",1056,4232,0,20,""
26,10280,"s_nop 6",1056,29560,29560,0,""
26,10284,"v_accvgpr_read_b32 v15, a3",1056,4376,152,0,""
26,10292,"v_accvgpr_read_b32 v16, a2",1056,4272,44,0,""
26,10300,"v_mfma_f32_16x16x16_f16 a[2:5], v[18:19], v[26:27], a[60:63]",1056,6468,2244,0,""
26,10308,"v_cvt_pk_f16_f32 v15, v16, v15",1056,4224,0,0,""
26,10316,"v_accvgpr_read_b32 v16, a1",1056,4224,0,0,""
26,10324,"v_accvgpr_read_b32 v17, a0",1056,4228,0,0,""
26,10332,"v_mfma_f32_16x16x16_f16 a[0:3], v[20:21], v[28:29], a[2:5]",1056,11040,6816,4268,""
26,10340,"v_cvt_pk_f16_f32 v16, v17, v16",1056,4252,0,0,""
26,10348,"s_nop 6",1056,29540,29540,0,""
26,10352,"v_accvgpr_read_b32 v17, a3",1056,4336,112,0,""
26,10360,"v_accvgpr_read_b32 v24, a2",1056,4284,56,0,""
26,10368,"v_mfma_f32_16x16x16_f16 a[2:5], v[18:19], v[30:31], a[48:51]",1056,6508,2284,0,""
26,10376,"v_accvgpr_read_b32 v18, a1",1056,4224,0,0,""
26,10384,"v_accvgpr_read_b32 v19, a0",1056,4224,0,0,""
26,10392,"v_cvt_pk_f16_f32 v18, v19, v18",1056,4224,0,0,""
26,10400,"v_mfma_f32_16x16x16_f16 a[0:3], v[20:21], v[32:33], a[2:5]",1056,4224,0,8,""
26,10408,"v_cvt_pk_f16_f32 v17, v24, v17",1056,4224,0,0,""
26,10416,"s_nop 6",1056,29568,29568,0,""
26,10420,"v_accvgpr_read_b32 v19, a3",1056,4360,136,0,""
26,10428,"v_accvgpr_read_b32 v20, a2",1056,4300,72,0,""
26,10436,"v_cvt_pk_f16_f32 v19, v20, v19",1056,4380,156,0,""
26,10444,"v_accvgpr_read_b32 v20, a1",1056,6136,1912,0,""
26,10452,"v_accvgpr_read_b32 v21, a0",1056,4352,128,0,""
26,10460,"v_cvt_pk_f16_f32 v20, v21, v20",1056,4296,72,2232,""
26,10468,"v_or_b32_e32 v21, v45, v44",1056,5788,1560,0,""
26,10472,"v_mad_u32_u24 v1, v21, s2, v1",1056,4520,280,0,""
26,10480,"ds_write_b16 v1, v35 offset:34816",1056,13644,4728,8432,""
26,10488,"ds_write_b16 v1, v37 offset:34848",1056,15112,6336,12,""
26,10496,"ds_write_b16_d16_hi v1, v35 offset:35076",1056,14552,5708,12,""
26,10504,"ds_write_b16_d16_hi v1, v37 offset:35108",1056,13980,5156,16,""
26,10512,"ds_write_b16 v1, v34 offset:35336",1056,14376,5420,24,""
26,10520,"ds_write_b16 v1, v36 offset:35368",1056,14372,5620,32,""
26,10528,"ds_write_b16_d16_hi v1, v34 offset:35596",1056,14484,5820,36,""
26,10536,"ds_write_b16_d16_hi v1, v36 offset:35628",1056,14988,6308,36,""
26,10544,"ds_write_b16 v1, v2 offset:34880",1056,14980,6396,40,""
26,10552,"ds_write_b16_d16_hi v1, v2 offset:35140",1056,15316,6692,40,""
26,10560,"ds_write_b16 v1, v23 offset:35400",1056,15264,6760,36,""
26,10568,"ds_write_b16_d16_hi v1, v23 offset:35660",1056,15604,7052,56,""
26,10576,"ds_write_b16 v1, v4 offset:34912",1056,15900,7324,64,""
26,10584,"ds_write_b16_d16_hi v1, v4 offset:35172",1056,16080,7552,76,""
26,10592,"ds_write_b16 v1, v3 offset:35432",1056,16472,7888,72,""
26,10600,"ds_write_b16_d16_hi v1, v3 offset:35692",1056,16760,8220,76,""
26,10608,"ds_write_b16 v1, v39 offset:38976",1056,16840,8276,76,""
26,10616,"ds_write_b16 v1, v41 offset:39008",1056,16876,8376,72,""
26,10624,"ds_write_b16_d16_hi v1, v39 offset:39236",1056,16808,8320,68,""
26,10632,"ds_write_b16_d16_hi v1, v41 offset:39268",1056,16796,8328,72,""
26,10640,"ds_write_b16 v1, v38 offset:39496",1056,16776,8316,72,""
26,10648,"ds_write_b16 v1, v40 offset:39528",1056,16800,8348,72,""
26,10656,"ds_write_b16_d16_hi v1, v38 offset:39756",1056,16812,8364,72,""
26,10664,"ds_write_b16_d16_hi v1, v40 offset:39788",1056,16820,8372,76,""
26,10672,"ds_write_b16 v1, v10 offset:39040",1056,16820,8372,76,""
26,10680,"ds_write_b16_d16_hi v1, v10 offset:39300",1056,16820,8372,76,""
26,10688,"ds_write_b16 v1, v5 offset:39560",1056,16820,8372,76,""
26,10696,"ds_write_b16_d16_hi v1, v5 offset:39820",1056,16820,8372,76,""
26,10704,"ds_write_b16 v1, v12 offset:39072",1056,16820,8372,76,""
26,10712,"ds_write_b16_d16_hi v1, v12 offset:39332",1056,16820,8372,76,""
26,10720,"ds_write_b16 v1, v11 offset:39592",1056,16820,8372,76,""
26,10728,"ds_write_b16_d16_hi v1, v11 offset:39852",1056,16820,8372,76,""
26,10736,"ds_write_b16 v1, v43 offset:43136",1056,16820,8372,76,""
26,10744,"ds_write_b16 v1, v6 offset:43168",1056,16820,8372,76,""
26,10752,"ds_write_b16_d16_hi v1, v43 offset:43396",1056,16820,8372,76,""
26,10760,"ds_write_b16_d16_hi v1, v6 offset:43428",1056,16820,8372,76,""
26,10768,"ds_write_b16 v1, v42 offset:43656",1056,16820,8372,76,""
26,10776,"ds_write_b16 v1, v46 offset:43688",1056,16820,8372,76,""
26,10784,"ds_write_b16_d16_hi v1, v42 offset:43916",1056,16820,8372,76,""
26,10792,"ds_write_b16_d16_hi v1, v46 offset:43948",1056,16820,8372,76,""
26,10800,"ds_write_b16 v1, v14 offset:43200",1056,16820,8372,76,""
26,10808,"ds_write_b16_d16_hi v1, v14 offset:43460",1056,16820,8372,76,""
26,10816,"ds_write_b16 v1, v13 offset:43720",1056,16816,8368,76,""
26,10824,"ds_write_b16_d16_hi v1, v13 offset:43980",1056,16800,8352,76,""
26,10832,"ds_write_b16 v1, v16 offset:43232",1056,16800,8352,76,""
26,10840,"ds_write_b16_d16_hi v1, v16 offset:43492",1056,16800,8352,76,""
26,10848,"ds_write_b16 v1, v15 offset:43752",1056,16764,8312,76,""
26,10856,"ds_write_b16_d16_hi v1, v15 offset:44012",1056,16728,8280,76,""
26,10864,"ds_write_b16 v1, v8 offset:47296",1056,16660,8208,76,""
26,10872,"ds_write_b16 v1, v22 offset:47328",1056,16628,8152,76,""
26,10880,"ds_write_b16_d16_hi v1, v8 offset:47556",1056,16660,8172,72,""
26,10888,"ds_write_b16_d16_hi v1, v22 offset:47588",1056,16584,8076,68,""
26,10896,"ds_write_b16 v1, v7 offset:47816",1056,16652,8132,64,""
26,10904,"ds_write_b16 v1, v9 offset:47848",1056,16780,8172,64,""
26,10912,"ds_write_b16_d16_hi v1, v7 offset:48076",1056,16848,8188,60,""
26,10920,"ds_write_b16_d16_hi v1, v9 offset:48108",1056,16772,8036,60,""
26,10928,"ds_write_b16 v1, v18 offset:47360",1056,16592,7792,60,""
26,10936,"ds_write_b16_d16_hi v1, v18 offset:47620",1056,16348,7528,60,""
26,10944,"ds_write_b16 v1, v17 offset:47880",1056,16168,7228,60,""
26,10952,"ds_write_b16_d16_hi v1, v17 offset:48140",1056,16072,7212,48,""
26,10960,"ds_write_b16 v1, v20 offset:47392",1056,15980,7220,48,""
26,10968,"ds_write_b16_d16_hi v1, v20 offset:47652",1056,15820,6996,52,""
26,10976,"ds_write_b16 v1, v19 offset:47912",1056,15724,6772,44,""
26,10984,"ds_write_b16_d16_hi v1, v19 offset:48172",1056,15436,6548,40,""
26,10992,"v_and_b32_e32 v2, 0x7f, v0",1056,5024,800,36,""
26,11000,"v_lshlrev_b32_e32 v0, 2, v2",1056,4920,680,0,""
26,11004,"s_waitcnt lgkmcnt(0)",1056,49788,49788,0,""
26,11008,"s_barrier",1056,110176,110176,0,""
26,11012,"global_load_dword v0, v0, s[6:7]",1056,16512,12288,0,""
26,11020,"s_mov_b32 s2, 0x8000",1056,5276,0,0,""
26,11028,"s_waitcnt vmcnt(0)",1056,225972,225972,0,""
26,11032,"v_cmp_gt_i32_e32 vcc, s2, v0",1056,8072,2712,0,""
26,11036,"s_and_saveexec_b64 s[2:3], vcc",1056,4948,0,15760,""
26,11040,"s_cbranch_execz 177",1056,4372,0,3500,""
26,11044,"v_mul_u32_u24_e32 v2, 0x82, v2",1040,13768,9460,0,""
26,11052,"v_lshlrev_b32_e32 v2, 1, v2",1040,5656,1456,0,""
26,11056,"v_lshl_add_u32 v2, v44, 1, v2",1040,6180,1996,0,""
26,11064,"v_add_u32_e32 v3, 0x8800, v2",1040,6208,2040,0,""
26,11072,"v_add_u32_e32 v4, 0x8808, v2",1040,5128,960,4,""
26,11080,"v_ashrrev_i32_e32 v1, 31, v0",1040,5072,912,0,""
26,11084,"v_add_u32_e32 v5, 0x8818, v2",1040,5544,1384,0,""
26,11092,"v_add_u32_e32 v6, 0x8810, v2",1040,5140,952,0,""
26,11100,"ds_read2_b32 v[16:17], v4 offset1:1",1040,7004,2820,8292,""
26,11108,"ds_read2_b32 v[20:21], v5 offset1:1",1040,6816,2640,0,""
26,11116,"ds_read2_b32 v[18:19], v6 offset1:1",1040,7324,3156,0,""
26,11124,"ds_read2_b32 v[14:15], v3 offset1:1",1040,7436,3268,0,""
26,11132,"v_add_u32_e32 v3, 0x8828, v2",1040,6576,2412,1160,""
26,11140,"v_add_u32_e32 v4, 0x8820, v2",1040,5060,896,0,""
26,11148,"v_add_u32_e32 v5, 0x8838, v2",1040,5076,912,0,""
26,11156,"v_add_u32_e32 v6, 0x8830, v2",1040,5276,1064,0,""
26,11164,"ds_read2_b32 v[24:25], v3 offset1:1",1040,9068,4876,8268,""
26,11172,"ds_read2_b32 v[22:23], v4 offset1:1",1040,8168,3972,0,""
26,11180,"ds_read2_b32 v[28:29], v5 offset1:1",1040,8812,4600,0,""
26,11188,"ds_read2_b32 v[26:27], v6 offset1:1",1040,9656,5488,0,""
26,11196,"v_add_u32_e32 v3, 0x8840, v2",1040,5964,1804,740,""
26,11204,"v_add_u32_e32 v4, 0x8858, v2",1040,5148,988,0,""
26,11212,"v_lshlrev_b64 v[0:1], 15, v[0:1]",1040,5216,1048,0,""
26,11220,"v_add_u32_e32 v5, 0x8850, v2",1040,5008,808,0,""
26,11228,"v_add_u32_e32 v6, 0x8848, v2",1040,5088,848,2628,""
26,11236,"ds_read2_b32 v[32:33], v4 offset1:1",1040,9704,5484,8240,""
26,11244,"ds_read2_b32 v[30:31], v5 offset1:1",1040,9652,5432,0,""
26,11252,"ds_read2_b32 v[36:37], v6 offset1:1",1040,10356,6136,0,""
26,11260,"ds_read2_b32 v[34:35], v3 offset1:1",1040,11436,7268,0,""
26,11268,"v_add_u32_e32 v3, 0x8878, v2",1040,6008,1844,0,""
26,11276,"v_add_u32_e32 v4, 0x8870, v2",1040,4896,736,0,""
26,11284,"v_lshl_add_u64 v[0:1], v[0:1], 0, s[0:1]",1040,5188,1012,0,""
26,11292,"v_add_u32_e32 v5, 0x8868, v2",1040,5372,1204,2880,""
26,11300,"v_add_u32_e32 v2, 0x8860, v2",1040,4776,600,0,""
26,11308,"ds_read2_b32 v[40:41], v3 offset1:1",1040,11076,6896,8304,""
26,11316,"ds_read2_b32 v[38:39], v4 offset1:1",1040,12124,7960,0,""
26,11324,"ds_read2_b32 v[48:49], v5 offset1:1",1040,12076,7908,0,""
26,11332,"ds_read2_b32 v[46:47], v2 offset1:1",1040,12360,8200,0,""
26,11340,"v_ashrrev_i32_e32 v4, 31, v1",1040,6044,1884,0,""
26,11344,"v_or_b32_e32 v2, v0, v44",1040,5080,920,0,""
26,11348,"v_mov_b32_e32 v3, v1",1040,4756,596,0,""
26,11352,"v_lshrrev_b32_e32 v6, 16, v4",1040,5016,856,0,""
26,11356,"v_mov_b32_e32 v7, 0",1040,4864,700,0,""
26,11360,"v_lshl_add_u64 v[8:9], v[2:3], 0, v[6:7]",1040,5236,1076,0,""
26,11368,"v_lshrrev_b64 v[10:11], 16, v[8:9]",1040,4880,720,0,""
26,11376,"v_and_b32_e32 v8, 0xffff0000, v8",1040,4992,832,0,""
26,11384,"v_cmp_ne_u64_e32 vcc, v[2:3], v[8:9]",1040,5164,1004,0,""
26,11388,"v_cmp_gt_i64_e64 s[0:1], 0, v[0:1]",1040,5136,976,4,""
26,11396,"s_and_b64 s[0:1], s[0:1], vcc",1040,4160,0,16640,""
26,11400,"v_lshrrev_b32_e32 v12, 17, v4",1040,5372,1212,0,""
26,11404,"v_cndmask_b32_e64 v5, 0, 1, s[0:1]",1040,5108,948,0,""
26,11412,"v_sub_co_u32_e32 v10, vcc, v10, v5",1040,4508,348,0,""
26,11416,"v_mov_b32_e32 v13, v7",1040,5096,936,0,""
26,11420,"s_nop 0",1040,4160,4160,0,""
26,11424,"v_subbrev_co_u32_e32 v11, vcc, 0, v11, vcc",1040,4324,164,0,""
26,11428,"v_sub_co_u32_e32 v8, vcc, v2, v8",1040,5396,1236,0,""
26,11432,"v_add_u32_e32 v5, 0x10000, v8",1040,4216,56,0,""
26,11440,"s_nop 0",1040,4160,4160,0,""
26,11444,"v_subb_co_u32_e32 v9, vcc, v1, v9, vcc",1040,5324,1164,0,""
26,11448,"v_and_b32_e32 v5, 0xffffffc0, v5",1040,4388,224,0,""
26,11456,"v_cmp_gt_i64_e32 vcc, 0, v[8:9]",1040,4220,60,0,""
26,11460,"v_lshl_add_u64 v[12:13], v[2:3], 0, v[12:13]",1040,6816,2656,0,""
26,11468,"v_and_b32_e32 v3, 0xffff8000, v12",1040,4456,292,0,""
26,11476,"v_cndmask_b32_e32 v5, v8, v5, vcc",1040,4684,524,0,""
26,11480,"v_ashrrev_i32_e32 v8, 31, v5",1040,5352,1192,0,""
26,11484,"v_lshrrev_b32_e32 v8, 17, v8",1040,4476,316,0,""
26,11488,"v_add_u32_e32 v5, v5, v8",1040,4808,648,0,""
26,11492,"v_ashrrev_i32_e32 v8, 15, v5",1040,5272,1112,0,""
26,11496,"v_sub_co_u32_e32 v12, vcc, v2, v3",1040,4524,364,0,""
26,11500,"v_ashrrev_i32_e32 v9, 31, v8",1040,4860,700,0,""
26,11504,"s_nop 0",1040,4160,4160,0,""
26,11508,"v_subb_co_u32_e32 v13, vcc, v1, v13, vcc",1040,4724,564,0,""
26,11512,"v_add_u32_e32 v3, 0x8000, v12",1040,4784,624,0,""
26,11520,"v_lshlrev_b64 v[10:11], 17, v[10:11]",1040,4192,28,0,""
26,11528,"v_and_b32_e32 v3, 0xffffffc0, v3",1040,5776,1616,0,""
26,11536,"v_cmp_gt_i64_e32 vcc, 0, v[12:13]",1040,4848,688,0,""
26,11540,"v_lshl_add_u64 v[10:11], s[12:13], 0, v[10:11]",1040,4440,276,0,""
26,11548,"v_lshlrev_b64 v[8:9], 16, v[8:9]",1040,5636,1476,0,""
26,11556,"v_cndmask_b32_e64 v13, v13, 0, vcc",1040,4888,728,0,""
26,11564,"v_cndmask_b32_e32 v12, v12, v3, vcc",1040,4356,196,0,""
26,11568,"v_lshl_add_u64 v[8:9], v[10:11], 0, v[8:9]",1040,5744,1584,0,""
26,11576,"v_lshl_add_u64 v[8:9], v[12:13], 1, v[8:9]",1040,5360,1200,0,""
26,11584,"s_waitcnt lgkmcnt(8)",1040,4160,4160,0,""
26,11588,"global_store_dwordx4 v[8:9], v[26:29], off offset:48",1040,225828,220628,4160,""
26,11596,"global_store_dwordx4 v[8:9], v[22:25], off offset:32",1040,53136,47936,0,""
26,11604,"global_store_dwordx4 v[8:9], v[18:21], off offset:16",1040,90752,85552,0,""
26,11612,"global_store_dwordx4 v[8:9], v[14:17], off",1040,91008,86832,0,""
26,11620,"v_or_b32_e32 v8, 32, v2",1040,4560,288,0,""
26,11624,"v_mov_b32_e32 v9, v1",1040,4664,344,0,""
26,11628,"v_lshl_add_u64 v[8:9], v[8:9], 0, v[6:7]",1040,5448,1276,0,""
26,11636,"v_lshrrev_b64 v[8:9], 16, v[8:9]",1040,4304,144,0,""
26,11644,"v_mov_b32_e32 v5, v4",1040,4596,436,0,""
26,11648,"v_lshl_add_u64 v[4:5], v[8:9], 0, v[4:5]",1040,4740,580,0,""
26,11656,"v_and_b32_e32 v3, 0x8000, v0",1040,4360,200,0,""
26,11664,"s_movk_i32 s0, 0x7fe0",1040,4256,0,0,""
26,11668,"v_lshlrev_b64 v[0:1], 17, v[4:5]",1040,4660,496,0,""
26,11676,"v_bitop3_b32 v2, v2, s0, 32 bitop3:0xc8",1040,4480,320,0,""
26,11684,"v_lshl_add_u64 v[0:1], s[12:13], 0, v[0:1]",1040,4368,208,0,""
26,11692,"v_lshlrev_b32_e32 v6, 1, v3",1040,4948,788,0,""
26,11696,"v_lshl_add_u64 v[0:1], v[0:1], 0, v[6:7]",1040,4336,176,0,""
26,11704,"v_lshlrev_b32_e32 v6, 1, v2",1040,4228,68,0,""
26,11708,"v_lshl_add_u64 v[0:1], v[0:1], 0, v[6:7]",1040,4920,760,0,""
26,11716,"s_waitcnt lgkmcnt(0)",1040,4160,4160,0,""
26,11720,"global_store_dwordx4 v[0:1], v[46:49], off offset:32",1040,1394920,1389720,4160,""
26,11728,"global_store_dwordx4 v[0:1], v[38:41], off offset:48",1040,108544,103344,0,""
26,11736,"global_store_dwordx4 v[0:1], v[34:37], off",1040,136056,130856,0,""
26,11744,"global_store_dwordx4 v[0:1], v[30:33], off offset:16",1040,131876,126676,0,""
26,11752,"s_endpgm",1060,1374844,0,0,""
